{
  "calibrationValues": {
    "x": {
      "steps": 20000,
      "volume": 9.3,
      "time": 20.747
    },
    "z": {
      "steps": 20000,
      "volume": 5.8,
      "time": 20.69
    },
    "y": {
      "steps": 20000,
      "volume": 10.5,
      "time": 20.725
    },
    "e": {
      "steps": 20000,
      "volume": 5.9,
      "time": 20.711
    }
  },
  "calibrationTimePerSecond": {
    "x": 2.230860215053763,
    "y": 1.973809523809524,
    "z": 3.567241379310345,
    "e": 3.510338983050847
  }
}